<?xml version="1.0" encoding="utf-8" ?>
<KazanNeftSoftware>
    <Native-Langue name="English" filename="default.xml" version="1.3">
        <Menu>
            <Main>
                <!-- Main Menu Entries -->
                <Entries>
                    <Item menuId="file" name="&amp;File"/>
                    <Item menuId="edit" name="&amp;Edit"/>
                    <Item menuId="search" name="&amp;Search"/>
                    <Item menuId="view" name="&amp;View"/>
                    <Item menuId="settings" name="Se&amp;ttings"/>
                    <Item idName="Window" name="&amp;Window"/>
                </Entries>
			</Main>
			<TabBar>
                    <Item CMID="0" name="Close"/>
                    <Item CMID="1" name="Close All BUT This"/>
                    <Item CMID="2" name="Save"/>
                    <Item CMID="3" name="Save As..."/>
                    <Item CMID="4" name="Print"/>
                    <Item CMID="5" name="Move to Other View"/>
                    <Item CMID="6" name="Clone to Other View"/>
                    <Item CMID="7" name="Full File Path to Clipboard"/>
                    <Item CMID="8" name="Filename to Clipboard"/>
                    <Item CMID="9" name="Current Dir. Path to Clipboard"/>
                    <Item CMID="10" name="Rename"/>
                    <Item CMID="11" name="Move to Recycle Bin"/>
                    <Item CMID="12" name="Read-Only"/>
                    <Item CMID="13" name="Clear Read-Only Flag"/>
                    <Item CMID="14" name="Move to New Instance"/>
                    <Item CMID="15" name="Open in New Instance"/>
                    <Item CMID="16" name="Reload"/>
                    <Item CMID="17" name="Close All to the Left"/>
                    <Item CMID="18" name="Close All to the Right"/>
                    <Item CMID="19" name="Open Containing Folder in Explorer"/>
                    <Item CMID="20" name="Open Containing Folder in cmd"/>
                    <Item CMID="21" name="Open in Default Viewer"/>
            </TabBar>
        </Menu>

        <InventoryDashboard>
            <FormTitle name="Invenroty Dashboard"/>
			<PanelTitle name="EMSpendingByDepartment" value="EM Spending ByDepartment"/>
			<PanelTitle name="MonthlyReportMostUsedParts" value="Monthly Report for Most-Used Parts"/>
			<PanelTitle name="MonthlyReportCostlyAssets" value="Monthly Report of Costly Assets"/>
			<PanelTitle name="DepartmentSpendingRatio" value="Department Spending Ratio"/>
			<PanelTitle name="MonthlyDepartmentSpending" value="Monthly Department Spending"/>
			
			<Button name="InventoryControl" value="Inventory Control" />
			<Button name="Close" value="Close" />
			<Label name="lang" value="Language"/>
        </InventoryDashboard>
		
            <!-- $INT_REPLACE$  and $STR_REPLACE$ are a place holders, don't translate these place holders -->
			<MiscStrings>
            <word-chars-list-tip value="This allows you to include additional character into current word characters while double clicking for selection or searching with &quot;Match whole word only&quot; option checked."/>
            <word-chars-list-warning-begin value="Be aware: "/>
            <word-chars-list-space-warning value="$INT_REPLACE$ space(s)"/>
            <word-chars-list-tab-warning value="$INT_REPLACE$ TAB(s)"/>
            <word-chars-list-warning-end value="  in your character list."/>
            <cloud-invalid-warning value="Invalid path."/>
            <cloud-restart-warning value="Please restart Notepad++ to take effect."/>
            <cloud-select-folder value="Select a folder from/to where Notepad++ reads/writes its settings"/>
            <shift-change-direction-tip value="Use Shift+Enter to search in the opposite direction"/>
            <two-find-buttons-tip value="2 find buttons mode"/>
            <find-status-top-reached value="Find: Found the 1st occurrence from the bottom. The beginning of the document has been reached."/>
            <find-status-end-reached value="Find: Found the 1st occurrence from the top. The end of the document has been reached."/>
            <find-status-replaceinfiles-1-replaced value="Replace in Files: 1 occurrence was replaced"/>
            <find-status-replaceinfiles-nb-replaced value="Replace in Files: $INT_REPLACE$ occurrences were replaced"/>
            <find-status-replaceinfiles-re-malformed value="Replace in Opened Files: The regular expression is malformed"/>
            <find-status-replaceinopenedfiles-1-replaced value="Replace in Opened Files: 1 occurrence was replaced"/>
            <find-status-replaceinopenedfiles-nb-replaced value="Replace in Opened Files: $INT_REPLACE$ occurrences were replaced"/>
            <find-status-mark-re-malformed value="Mark: The regular expression to search is malformed"/>
            <find-status-invalid-re value="Find: Invalid regular expression"/>
            <find-status-mark-1-match value="1 match"/>
            <find-status-mark-nb-matches value="$INT_REPLACE$ matches"/>
            <find-status-count-re-malformed value="Count: The regular expression to search is malformed"/>
            <find-status-count-1-match value="Count: 1 match"/>
            <find-status-count-nb-matches value="Count: $INT_REPLACE$ matches"/>
            <find-status-replaceall-re-malformed value="Replace All: The regular expression is malformed"/>
            <find-status-replaceall-1-replaced value="Replace All: 1 occurrence was replaced"/>
            <find-status-replaceall-nb-replaced value="Replace All: $INT_REPLACE$ occurrences were replaced"/>
            <find-status-replaceall-readonly value="Replace All: Cannot replace text. The current document is read only"/>
            <find-status-replace-end-reached value="Replace: Replaced the 1st occurrence from the top. The end of document has been reached"/>
            <find-status-replace-top-reached value="Replace: Replaced the 1st occurrence from the bottom. The begin of document has been reached"/>
            <find-status-replaced-next-found value="Replace: 1 occurrence was replaced. The next occurrence found"/>
            <find-status-replaced-next-not-found value="Replace: 1 occurrence was replaced. The next occurrence not found"/>
            <find-status-replace-not-found value="Replace: no occurrence was found"/>
            <find-status-replace-readonly value="Replace: Cannot replace text. The current document is read only"/>
            <find-status-cannot-find value="Find: Can't find the text &quot;$STR_REPLACE$&quot;"/>
            <finder-find-in-finder value="Find in this found results..."/>
            <finder-close-this value="Close this finder"/>
            <finder-collapse-all value="Collapse all"/>
            <finder-uncollapse-all value="Uncollapse all"/>
            <finder-copy value="Copy"/>
            <finder-select-all value="Select all"/>
            <finder-clear-all value="Clear all"/>
            <finder-open-all value="Open all"/>
        </MiscStrings>
    </Native-Langue>
</KazanNeftSoftware>
